work_order_id,seq,title,is_mandatory,status,completed_at,notes
9892bf3c-56a3-4771-be67-a050bd2af1d1,1,Quality check,1,in_progress,,Requires follow-up
9892bf3c-56a3-4771-be67-a050bd2af1d1,2,Cleanup,1,in_progress,,Requires follow-up
9892bf3c-56a3-4771-be67-a050bd2af1d1,3,Finalize documentation,0,pending,,All good
751b2f20-261f-4fbc-a0af-bebe3b172446,1,Cleanup,1,pending,,All good
23bb3b68-d7f4-4e60-ae7b-c5c28314d5b0,1,Gather materials,1,pending,,
23bb3b68-d7f4-4e60-ae7b-c5c28314d5b0,2,Perform task,1,done,2025-08-05T01:43:41.935409+00:00,Requires follow-up
23bb3b68-d7f4-4e60-ae7b-c5c28314d5b0,3,Finalize documentation,1,pending,,N/A
23bb3b68-d7f4-4e60-ae7b-c5c28314d5b0,4,Finalize documentation,1,in_progress,,
c4c13794-b0b4-405e-9fc7-b2ce359ac6ea,1,Cleanup,0,done,2025-08-30T14:43:41.935409+00:00,Requires follow-up
c4c13794-b0b4-405e-9fc7-b2ce359ac6ea,2,Gather materials,0,pending,,Requires follow-up
c4c13794-b0b4-405e-9fc7-b2ce359ac6ea,3,Gather materials,1,pending,,Requires follow-up
c4c13794-b0b4-405e-9fc7-b2ce359ac6ea,4,Finalize documentation,0,pending,,
b727bae2-74e6-4a4f-871f-909b11b2584a,1,Quality check,1,pending,,See photos attached
b727bae2-74e6-4a4f-871f-909b11b2584a,2,Gather materials,0,in_progress,,See photos attached
b727bae2-74e6-4a4f-871f-909b11b2584a,3,Quality check,1,pending,,Requires follow-up
b727bae2-74e6-4a4f-871f-909b11b2584a,4,Perform task,0,in_progress,,
d6937bb6-b614-4ade-9737-06708cf87240,1,Gather materials,0,done,2025-08-08T12:43:41.935409+00:00,Requires follow-up
d6937bb6-b614-4ade-9737-06708cf87240,2,Quality check,0,in_progress,,All good
d6937bb6-b614-4ade-9737-06708cf87240,3,Gather materials,1,done,2025-08-16T10:43:41.935409+00:00,Requires follow-up
bdca62ac-99a7-499d-9803-43e4895774d3,1,Cleanup,1,in_progress,,N/A
bdca62ac-99a7-499d-9803-43e4895774d3,2,Perform task,1,pending,,All good
bdca62ac-99a7-499d-9803-43e4895774d3,3,Initial inspection,1,in_progress,,
bdca62ac-99a7-499d-9803-43e4895774d3,4,Gather materials,0,pending,,All good
57429df2-90a2-4bd8-9743-091085d13e52,1,Perform task,1,in_progress,,N/A
57429df2-90a2-4bd8-9743-091085d13e52,2,Perform task,1,pending,,All good
57429df2-90a2-4bd8-9743-091085d13e52,3,Gather materials,1,done,2025-08-22T06:43:41.935409+00:00,
70f71de4-0f8b-4731-ae28-d8a4ae929db8,1,Cleanup,1,pending,,See photos attached
70f71de4-0f8b-4731-ae28-d8a4ae929db8,2,Cleanup,0,pending,,N/A
70f71de4-0f8b-4731-ae28-d8a4ae929db8,3,Perform task,0,done,2025-08-13T00:43:41.935409+00:00,All good
84d8fd40-b024-40d5-bf61-e47ab90e577d,1,Gather materials,1,pending,,
90fbb2d1-a7d5-41a7-ba36-9e776c9d6184,1,Perform task,0,pending,,
51e263ee-bbab-4907-a132-1c195bb75140,1,Quality check,1,done,2025-08-19T09:43:41.935409+00:00,See photos attached
51e263ee-bbab-4907-a132-1c195bb75140,2,Cleanup,1,pending,,See photos attached
51e263ee-bbab-4907-a132-1c195bb75140,3,Cleanup,1,done,2025-09-01T11:43:41.935409+00:00,See photos attached
51e263ee-bbab-4907-a132-1c195bb75140,4,Gather materials,1,in_progress,,N/A
fb8fe7f1-affc-4ada-818f-7fc1e93e645b,1,Gather materials,0,pending,,
fb8fe7f1-affc-4ada-818f-7fc1e93e645b,2,Finalize documentation,1,in_progress,,All good
fb8fe7f1-affc-4ada-818f-7fc1e93e645b,3,Cleanup,1,in_progress,,
62f62573-5ed7-4113-a641-c70a06f27b29,1,Quality check,0,pending,,Requires follow-up
62f62573-5ed7-4113-a641-c70a06f27b29,2,Gather materials,0,pending,,
62f62573-5ed7-4113-a641-c70a06f27b29,3,Initial inspection,1,done,2025-08-08T15:43:41.935409+00:00,
128d42e0-9e7f-42f2-89a6-6e7aab62e32d,1,Finalize documentation,0,done,2025-08-21T16:43:41.935409+00:00,Requires follow-up
128d42e0-9e7f-42f2-89a6-6e7aab62e32d,2,Finalize documentation,1,done,2025-08-06T11:43:41.935409+00:00,Requires follow-up
a0259163-8470-4f87-8de3-fa6a023ce6a7,1,Perform task,0,done,2025-08-04T04:43:41.935409+00:00,
a0259163-8470-4f87-8de3-fa6a023ce6a7,2,Quality check,1,in_progress,,See photos attached
a0259163-8470-4f87-8de3-fa6a023ce6a7,3,Quality check,1,in_progress,,
f321e651-c3e3-43c4-8215-f3d85cdf9d2a,1,Finalize documentation,1,in_progress,,All good
f321e651-c3e3-43c4-8215-f3d85cdf9d2a,2,Cleanup,1,done,2025-08-23T05:43:41.935409+00:00,See photos attached
f321e651-c3e3-43c4-8215-f3d85cdf9d2a,3,Perform task,1,in_progress,,All good
f321e651-c3e3-43c4-8215-f3d85cdf9d2a,4,Finalize documentation,1,pending,,All good
e45ebfe8-99f8-41f9-a604-8075ae436810,1,Cleanup,0,pending,,Requires follow-up
e45ebfe8-99f8-41f9-a604-8075ae436810,2,Initial inspection,0,done,2025-08-24T03:43:41.935409+00:00,All good
38ae28ee-09df-468d-8752-e8c944ff6cf7,1,Quality check,1,pending,,See photos attached
38ae28ee-09df-468d-8752-e8c944ff6cf7,2,Initial inspection,1,pending,,All good
38ae28ee-09df-468d-8752-e8c944ff6cf7,3,Finalize documentation,1,done,2025-08-17T16:43:41.935409+00:00,All good
38ae28ee-09df-468d-8752-e8c944ff6cf7,4,Gather materials,1,pending,,See photos attached
f189370d-584f-4c93-9b92-db86961bf70a,1,Initial inspection,1,done,2025-08-18T16:43:41.935409+00:00,
f189370d-584f-4c93-9b92-db86961bf70a,2,Initial inspection,1,pending,,
f189370d-584f-4c93-9b92-db86961bf70a,3,Cleanup,1,in_progress,,N/A
f189370d-584f-4c93-9b92-db86961bf70a,4,Initial inspection,0,pending,,See photos attached
b0403874-2cb1-4e54-85fe-ec4916d302c5,1,Initial inspection,1,done,2025-08-07T14:43:41.935409+00:00,See photos attached
b0403874-2cb1-4e54-85fe-ec4916d302c5,2,Cleanup,0,done,2025-08-03T14:43:41.935409+00:00,
b0403874-2cb1-4e54-85fe-ec4916d302c5,3,Gather materials,0,done,2025-08-08T14:43:41.935409+00:00,Requires follow-up
24a6831b-1bdc-46a3-9a45-6f71a9788b80,1,Finalize documentation,0,in_progress,,N/A
24a6831b-1bdc-46a3-9a45-6f71a9788b80,2,Quality check,1,done,2025-08-05T15:43:41.935409+00:00,Requires follow-up
24a6831b-1bdc-46a3-9a45-6f71a9788b80,3,Perform task,1,in_progress,,See photos attached
bc9eec36-bb35-465d-af79-367a5a8da07d,1,Quality check,1,done,2025-08-17T13:43:41.935409+00:00,All good
bc9eec36-bb35-465d-af79-367a5a8da07d,2,Quality check,0,in_progress,,See photos attached
3745d803-2f12-46b9-98e0-8f9f38c3ac24,1,Gather materials,0,pending,,
3745d803-2f12-46b9-98e0-8f9f38c3ac24,2,Initial inspection,0,pending,,All good
3745d803-2f12-46b9-98e0-8f9f38c3ac24,3,Cleanup,1,in_progress,,See photos attached
ed9c8d2c-71a8-4a07-a589-e70fc7194358,1,Finalize documentation,1,pending,,All good
b72f53fe-1a52-4e61-95c6-f1b87b69698b,1,Finalize documentation,0,pending,,All good
b72f53fe-1a52-4e61-95c6-f1b87b69698b,2,Gather materials,1,pending,,N/A
131912e9-c332-4ee6-a1a4-142df5b48268,1,Quality check,0,done,2025-08-27T05:43:41.935409+00:00,Requires follow-up
131912e9-c332-4ee6-a1a4-142df5b48268,2,Initial inspection,0,in_progress,,See photos attached
131912e9-c332-4ee6-a1a4-142df5b48268,3,Initial inspection,1,done,2025-08-20T02:43:41.935409+00:00,Requires follow-up
ebd8c14f-cd66-4dec-805f-cb620fcdfb46,1,Quality check,0,pending,,Requires follow-up
ebd8c14f-cd66-4dec-805f-cb620fcdfb46,2,Gather materials,1,in_progress,,All good
ebd8c14f-cd66-4dec-805f-cb620fcdfb46,3,Finalize documentation,1,in_progress,,See photos attached
ebd8c14f-cd66-4dec-805f-cb620fcdfb46,4,Quality check,0,done,2025-08-31T13:43:41.935409+00:00,Requires follow-up
af6f1cee-554b-4346-b824-bc48180d5cf3,1,Quality check,0,in_progress,,Requires follow-up
af6f1cee-554b-4346-b824-bc48180d5cf3,2,Cleanup,1,pending,,N/A
af6f1cee-554b-4346-b824-bc48180d5cf3,3,Perform task,1,in_progress,,See photos attached
af6f1cee-554b-4346-b824-bc48180d5cf3,4,Quality check,0,pending,,N/A
84edd97b-291a-414e-8b23-4d903ae7fb8c,1,Quality check,1,in_progress,,See photos attached
84edd97b-291a-414e-8b23-4d903ae7fb8c,2,Finalize documentation,0,in_progress,,N/A
84edd97b-291a-414e-8b23-4d903ae7fb8c,3,Finalize documentation,0,pending,,See photos attached
84edd97b-291a-414e-8b23-4d903ae7fb8c,4,Gather materials,1,pending,,
7de66104-3c48-4153-974d-a0003d5e6dfb,1,Gather materials,1,done,2025-08-14T08:43:41.935409+00:00,
291283a5-2633-4102-9d2c-07d25eb094c7,1,Quality check,1,in_progress,,N/A
291283a5-2633-4102-9d2c-07d25eb094c7,2,Cleanup,0,pending,,N/A
85a03ce1-3e95-4bc4-9ffc-4ccf73d928a1,1,Quality check,1,pending,,See photos attached
85a03ce1-3e95-4bc4-9ffc-4ccf73d928a1,2,Finalize documentation,1,pending,,Requires follow-up
85a03ce1-3e95-4bc4-9ffc-4ccf73d928a1,3,Gather materials,1,pending,,All good
85a03ce1-3e95-4bc4-9ffc-4ccf73d928a1,4,Gather materials,1,pending,,Requires follow-up
7ed1b800-b857-44c8-bafa-ef9fc30c3bdf,1,Quality check,0,pending,,
7ed1b800-b857-44c8-bafa-ef9fc30c3bdf,2,Initial inspection,0,in_progress,,All good
5daf4cc1-d7f3-429f-82b7-d424368a716f,1,Cleanup,1,in_progress,,
5daf4cc1-d7f3-429f-82b7-d424368a716f,2,Cleanup,1,in_progress,,See photos attached
5daf4cc1-d7f3-429f-82b7-d424368a716f,3,Initial inspection,0,pending,,N/A
5daf4cc1-d7f3-429f-82b7-d424368a716f,4,Perform task,0,pending,,All good
6797bf9d-510d-4a73-839f-08dc60d3aba2,1,Gather materials,1,done,2025-08-04T10:43:41.935409+00:00,N/A
f607bdf4-461f-4a25-ab79-d0a9cc649ee0,1,Perform task,1,done,2025-08-29T02:43:41.935409+00:00,See photos attached
f607bdf4-461f-4a25-ab79-d0a9cc649ee0,2,Gather materials,0,done,2025-08-06T14:43:41.935409+00:00,
f607bdf4-461f-4a25-ab79-d0a9cc649ee0,3,Finalize documentation,1,done,2025-08-21T23:43:41.935409+00:00,See photos attached
24b165a2-54b4-443b-85d2-481d67fdff65,1,Initial inspection,1,done,2025-08-09T11:43:41.935409+00:00,N/A
24b165a2-54b4-443b-85d2-481d67fdff65,2,Perform task,1,done,2025-08-02T14:43:41.935409+00:00,N/A
24b165a2-54b4-443b-85d2-481d67fdff65,3,Cleanup,0,pending,,
24b165a2-54b4-443b-85d2-481d67fdff65,4,Cleanup,1,in_progress,,All good
c81aad43-ce1a-4d26-a520-e3dbaf042274,1,Cleanup,1,pending,,See photos attached
c81aad43-ce1a-4d26-a520-e3dbaf042274,2,Gather materials,0,pending,,See photos attached
80ac0c2e-82c7-4348-b865-0171acfe21ae,1,Cleanup,1,pending,,All good
80ac0c2e-82c7-4348-b865-0171acfe21ae,2,Cleanup,1,done,2025-08-31T23:43:41.935409+00:00,Requires follow-up
80ac0c2e-82c7-4348-b865-0171acfe21ae,3,Finalize documentation,0,pending,,See photos attached
70f2c6ce-8a32-448c-94e6-3a1633c3b779,1,Initial inspection,1,done,2025-08-03T16:43:41.935409+00:00,All good
c5c0daff-3046-4b71-818f-275880671f01,1,Gather materials,1,pending,,
c5c0daff-3046-4b71-818f-275880671f01,2,Quality check,1,pending,,Requires follow-up
16746f5d-62ff-4844-9219-60d71bf16739,1,Quality check,1,in_progress,,All good
5023d6c9-0f71-476d-8592-34da7edff0c3,1,Gather materials,1,pending,,N/A
5023d6c9-0f71-476d-8592-34da7edff0c3,2,Finalize documentation,0,done,2025-08-23T02:43:41.935409+00:00,See photos attached
57a46850-3c26-496f-bc4c-a7935df15ca1,1,Cleanup,1,done,2025-08-16T03:43:41.935409+00:00,
57a46850-3c26-496f-bc4c-a7935df15ca1,2,Gather materials,0,pending,,Requires follow-up
57a46850-3c26-496f-bc4c-a7935df15ca1,3,Finalize documentation,1,in_progress,,N/A
57a46850-3c26-496f-bc4c-a7935df15ca1,4,Cleanup,1,in_progress,,
486c3832-6c05-425c-8598-814f4b5bcdda,1,Perform task,0,pending,,See photos attached
f85bd33c-739b-4c31-928a-4923ed8cfea8,1,Quality check,0,in_progress,,
a82408b6-fd33-4ac7-801d-509269df6482,1,Perform task,0,pending,,Requires follow-up
29d2a172-940c-49a9-afb6-853150e47fad,1,Quality check,0,pending,,Requires follow-up
29d2a172-940c-49a9-afb6-853150e47fad,2,Cleanup,1,done,2025-08-21T03:43:41.935409+00:00,Requires follow-up
8e854ecc-5617-4b02-b080-cf2bb35f31c4,1,Quality check,1,pending,,See photos attached
8e854ecc-5617-4b02-b080-cf2bb35f31c4,2,Gather materials,1,in_progress,,
8e854ecc-5617-4b02-b080-cf2bb35f31c4,3,Quality check,1,done,2025-08-04T03:43:41.935409+00:00,
8e854ecc-5617-4b02-b080-cf2bb35f31c4,4,Cleanup,0,done,2025-08-17T07:43:41.935409+00:00,Requires follow-up
f7c4b8f4-d407-4d25-a0cc-c20f8e54a33c,1,Finalize documentation,1,done,2025-08-26T02:43:41.935409+00:00,Requires follow-up
f7c4b8f4-d407-4d25-a0cc-c20f8e54a33c,2,Quality check,0,done,2025-08-25T04:43:41.935409+00:00,N/A
f7c4b8f4-d407-4d25-a0cc-c20f8e54a33c,3,Finalize documentation,1,done,2025-08-23T03:43:41.935409+00:00,
f7c4b8f4-d407-4d25-a0cc-c20f8e54a33c,4,Finalize documentation,1,in_progress,,Requires follow-up
5e4d098c-94d8-4880-8f30-2160906030b7,1,Perform task,1,done,2025-08-13T00:43:41.935409+00:00,N/A
5e4d098c-94d8-4880-8f30-2160906030b7,2,Finalize documentation,0,done,2025-08-29T10:43:41.935409+00:00,Requires follow-up
5e4d098c-94d8-4880-8f30-2160906030b7,3,Perform task,0,pending,,
5e4d098c-94d8-4880-8f30-2160906030b7,4,Finalize documentation,1,done,2025-08-23T08:43:41.935409+00:00,See photos attached
37663979-d0e4-4e19-b973-28201502b6f7,1,Quality check,0,in_progress,,
37663979-d0e4-4e19-b973-28201502b6f7,2,Initial inspection,1,in_progress,,N/A
b8f01401-d0fe-4f73-a5ea-adfde6a600a8,1,Quality check,1,pending,,N/A
b8f01401-d0fe-4f73-a5ea-adfde6a600a8,2,Perform task,1,done,2025-08-19T14:43:41.935409+00:00,Requires follow-up
b8f01401-d0fe-4f73-a5ea-adfde6a600a8,3,Initial inspection,1,pending,,See photos attached
b8f01401-d0fe-4f73-a5ea-adfde6a600a8,4,Perform task,0,in_progress,,
b0773c1f-2c04-439e-a542-de1664b2ef17,1,Finalize documentation,1,in_progress,,Requires follow-up
b0773c1f-2c04-439e-a542-de1664b2ef17,2,Quality check,1,done,2025-08-25T05:43:41.935409+00:00,Requires follow-up
b0773c1f-2c04-439e-a542-de1664b2ef17,3,Cleanup,1,done,2025-08-15T14:43:41.935409+00:00,See photos attached
d11a74a1-34f4-4e87-9dda-41413a8f0f94,1,Gather materials,1,done,2025-08-28T11:43:41.935409+00:00,See photos attached
d11a74a1-34f4-4e87-9dda-41413a8f0f94,2,Perform task,1,in_progress,,Requires follow-up
84becd96-01d6-4f94-b69d-d8d5c4c39424,1,Perform task,1,pending,,N/A
84becd96-01d6-4f94-b69d-d8d5c4c39424,2,Quality check,0,in_progress,,
84becd96-01d6-4f94-b69d-d8d5c4c39424,3,Gather materials,0,pending,,See photos attached
84becd96-01d6-4f94-b69d-d8d5c4c39424,4,Cleanup,1,pending,,N/A
c059340d-e90f-404c-987f-e083a976b8da,1,Quality check,0,done,2025-08-13T16:43:41.935409+00:00,Requires follow-up
c059340d-e90f-404c-987f-e083a976b8da,2,Perform task,1,in_progress,,See photos attached
abec6617-be70-4b00-b7ed-fba86b5a3c27,1,Cleanup,0,done,2025-08-27T05:43:41.935409+00:00,
2b68016b-ef67-4d05-9022-a04b1a6890a6,1,Quality check,1,done,2025-08-18T06:43:41.935409+00:00,See photos attached
2b68016b-ef67-4d05-9022-a04b1a6890a6,2,Perform task,0,done,2025-08-22T08:43:41.935409+00:00,
2b68016b-ef67-4d05-9022-a04b1a6890a6,3,Perform task,0,in_progress,,N/A
063a82d6-5bc3-4455-983b-034950d43411,1,Gather materials,1,in_progress,,
063a82d6-5bc3-4455-983b-034950d43411,2,Initial inspection,1,pending,,
063a82d6-5bc3-4455-983b-034950d43411,3,Finalize documentation,1,in_progress,,N/A
063a82d6-5bc3-4455-983b-034950d43411,4,Perform task,0,done,2025-08-05T23:43:41.935409+00:00,
395b041c-7237-4250-931d-a0ce09b14932,1,Cleanup,1,pending,,
395b041c-7237-4250-931d-a0ce09b14932,2,Perform task,1,in_progress,,
c8cab48c-32ec-4336-9373-a2e6f72fc8f5,1,Finalize documentation,0,in_progress,,N/A
c8cab48c-32ec-4336-9373-a2e6f72fc8f5,2,Finalize documentation,1,pending,,N/A
c8cab48c-32ec-4336-9373-a2e6f72fc8f5,3,Finalize documentation,1,done,2025-08-16T14:43:41.935409+00:00,All good
c8cab48c-32ec-4336-9373-a2e6f72fc8f5,4,Perform task,0,pending,,
8e16ad3c-b945-4a0e-8066-80d8e7d4ca10,1,Initial inspection,1,pending,,
8e16ad3c-b945-4a0e-8066-80d8e7d4ca10,2,Finalize documentation,1,in_progress,,See photos attached
8e16ad3c-b945-4a0e-8066-80d8e7d4ca10,3,Initial inspection,1,in_progress,,Requires follow-up
8e16ad3c-b945-4a0e-8066-80d8e7d4ca10,4,Quality check,1,done,2025-08-08T13:43:41.935409+00:00,See photos attached
2ec2c3aa-2066-4458-a0ef-fec771f699bf,1,Initial inspection,1,pending,,Requires follow-up
2ec2c3aa-2066-4458-a0ef-fec771f699bf,2,Perform task,1,in_progress,,
2ec2c3aa-2066-4458-a0ef-fec771f699bf,3,Gather materials,1,pending,,See photos attached
2ec2c3aa-2066-4458-a0ef-fec771f699bf,4,Quality check,0,pending,,See photos attached
1af6afe7-e731-442e-b90a-a008b803455a,1,Cleanup,0,done,2025-08-13T11:43:41.935409+00:00,Requires follow-up
1af6afe7-e731-442e-b90a-a008b803455a,2,Quality check,1,in_progress,,All good
1af6afe7-e731-442e-b90a-a008b803455a,3,Initial inspection,1,pending,,All good
1af6afe7-e731-442e-b90a-a008b803455a,4,Quality check,1,in_progress,,All good
f870e677-176d-430f-a7fc-453db4c7ad31,1,Cleanup,1,in_progress,,See photos attached
f870e677-176d-430f-a7fc-453db4c7ad31,2,Finalize documentation,1,pending,,
59e36686-87d2-4afc-8166-37cd818b96da,1,Quality check,0,done,2025-08-28T17:43:41.935409+00:00,
59e36686-87d2-4afc-8166-37cd818b96da,2,Initial inspection,1,in_progress,,See photos attached
59e36686-87d2-4afc-8166-37cd818b96da,3,Perform task,0,done,2025-08-19T06:43:41.935409+00:00,All good
96e71014-6351-4a0e-b5a9-fd0549eaba5a,1,Initial inspection,0,pending,,All good
96e71014-6351-4a0e-b5a9-fd0549eaba5a,2,Cleanup,1,in_progress,,See photos attached
2d54fb08-bbc3-476f-9061-4bb63845f91c,1,Perform task,0,pending,,See photos attached
a7ff89f7-aa52-44ff-b668-83148201338c,1,Finalize documentation,0,done,2025-08-11T11:43:41.935409+00:00,Requires follow-up
a7ff89f7-aa52-44ff-b668-83148201338c,2,Quality check,1,done,2025-09-01T00:43:41.935409+00:00,N/A
a7ff89f7-aa52-44ff-b668-83148201338c,3,Cleanup,0,done,2025-08-18T12:43:41.935409+00:00,See photos attached
15ec3ed2-45b6-4520-9745-624e91913a4f,1,Finalize documentation,1,pending,,Requires follow-up
15ec3ed2-45b6-4520-9745-624e91913a4f,2,Initial inspection,1,pending,,Requires follow-up
15ec3ed2-45b6-4520-9745-624e91913a4f,3,Cleanup,0,done,2025-08-22T13:43:41.935409+00:00,All good
15ec3ed2-45b6-4520-9745-624e91913a4f,4,Initial inspection,0,pending,,All good
18dad4d5-ab1f-4eec-9e5c-871dc4b97833,1,Perform task,1,done,2025-08-02T16:43:41.935409+00:00,N/A
18dad4d5-ab1f-4eec-9e5c-871dc4b97833,2,Quality check,1,pending,,
18dad4d5-ab1f-4eec-9e5c-871dc4b97833,3,Quality check,1,pending,,N/A
9d4b20a0-4433-4ce0-868d-35214a3dd2c6,1,Initial inspection,1,pending,,See photos attached
9d4b20a0-4433-4ce0-868d-35214a3dd2c6,2,Quality check,1,done,2025-08-17T23:43:41.935409+00:00,
b7117ef0-f016-4450-a555-e5d593d43c6c,1,Quality check,0,in_progress,,Requires follow-up
b7117ef0-f016-4450-a555-e5d593d43c6c,2,Initial inspection,1,in_progress,,Requires follow-up
b7117ef0-f016-4450-a555-e5d593d43c6c,3,Finalize documentation,1,done,2025-08-26T04:43:41.935409+00:00,Requires follow-up
a857f4b8-8668-4d4c-99c1-020131d5e0f7,1,Quality check,0,done,2025-08-29T02:43:41.935409+00:00,Requires follow-up
a857f4b8-8668-4d4c-99c1-020131d5e0f7,2,Quality check,0,done,2025-08-09T13:43:41.935409+00:00,
a857f4b8-8668-4d4c-99c1-020131d5e0f7,3,Finalize documentation,0,pending,,See photos attached
a857f4b8-8668-4d4c-99c1-020131d5e0f7,4,Finalize documentation,0,in_progress,,Requires follow-up
baf599fe-9d43-4aca-9c89-56832a93c8d9,1,Cleanup,0,pending,,Requires follow-up
baf599fe-9d43-4aca-9c89-56832a93c8d9,2,Gather materials,1,in_progress,,Requires follow-up
baf599fe-9d43-4aca-9c89-56832a93c8d9,3,Cleanup,0,done,2025-08-10T23:43:41.935409+00:00,
9475cea9-599c-48e5-8327-0e527c11cb7e,1,Initial inspection,0,in_progress,,N/A
9475cea9-599c-48e5-8327-0e527c11cb7e,2,Finalize documentation,0,pending,,All good
8111cf00-a5e0-4ae8-b73e-2528c41226a1,1,Finalize documentation,1,pending,,See photos attached
fafb1e50-b48c-4171-8c4b-bb664047e7a6,1,Finalize documentation,1,in_progress,,See photos attached
fafb1e50-b48c-4171-8c4b-bb664047e7a6,2,Perform task,1,pending,,Requires follow-up
42995142-787e-4a2f-bdf8-149000b1cb8c,1,Initial inspection,1,in_progress,,Requires follow-up
42995142-787e-4a2f-bdf8-149000b1cb8c,2,Initial inspection,1,done,2025-08-03T04:43:41.935409+00:00,Requires follow-up
42995142-787e-4a2f-bdf8-149000b1cb8c,3,Quality check,1,done,2025-08-31T14:43:41.935409+00:00,Requires follow-up
e40982ec-11fc-4788-9e9b-2122a9b87aa9,1,Quality check,0,in_progress,,N/A
e40982ec-11fc-4788-9e9b-2122a9b87aa9,2,Gather materials,1,done,2025-08-14T02:43:41.935409+00:00,All good
4da79b12-9931-402f-8288-6ab2a74ccbd2,1,Initial inspection,0,pending,,N/A
4da79b12-9931-402f-8288-6ab2a74ccbd2,2,Initial inspection,0,pending,,N/A
4da79b12-9931-402f-8288-6ab2a74ccbd2,3,Quality check,0,done,2025-08-13T16:43:41.935409+00:00,All good
6047e55a-919b-4d06-8d9d-b1a1b8008220,1,Quality check,0,done,2025-08-18T00:43:41.935409+00:00,See photos attached
6047e55a-919b-4d06-8d9d-b1a1b8008220,2,Gather materials,1,pending,,N/A
193b2d20-70c7-454c-9f98-c8e785eb2adb,1,Perform task,0,done,2025-08-03T09:43:41.935409+00:00,See photos attached
1a5caca8-42f4-41c3-959d-f3216b526d2b,1,Initial inspection,1,pending,,See photos attached
1a5caca8-42f4-41c3-959d-f3216b526d2b,2,Perform task,1,pending,,
3b203c85-7cbc-45ad-8978-ce459decb329,1,Initial inspection,0,pending,,N/A
3b203c85-7cbc-45ad-8978-ce459decb329,2,Initial inspection,0,pending,,Requires follow-up
3b203c85-7cbc-45ad-8978-ce459decb329,3,Perform task,1,in_progress,,N/A
28bf90dd-6099-40c6-bbbf-5fa4ffd7d606,1,Quality check,0,done,2025-08-06T01:43:41.935409+00:00,N/A
28bf90dd-6099-40c6-bbbf-5fa4ffd7d606,2,Quality check,1,done,2025-08-17T00:43:41.935409+00:00,See photos attached
be3e8a02-dda1-404c-b4a7-0b5cbc454b37,1,Gather materials,0,done,2025-08-17T07:43:41.935409+00:00,
be3e8a02-dda1-404c-b4a7-0b5cbc454b37,2,Quality check,1,pending,,All good
be3e8a02-dda1-404c-b4a7-0b5cbc454b37,3,Finalize documentation,0,in_progress,,All good
be3e8a02-dda1-404c-b4a7-0b5cbc454b37,4,Cleanup,0,pending,,N/A
e56fc65d-6682-49eb-a586-b0132ec1df78,1,Perform task,0,done,2025-08-07T10:43:41.935409+00:00,See photos attached
e56fc65d-6682-49eb-a586-b0132ec1df78,2,Initial inspection,1,done,2025-08-30T17:43:41.935409+00:00,All good
fda21596-4a23-442b-8106-5f556112d942,1,Cleanup,0,in_progress,,All good
fda21596-4a23-442b-8106-5f556112d942,2,Perform task,1,in_progress,,Requires follow-up
fda21596-4a23-442b-8106-5f556112d942,3,Cleanup,1,pending,,Requires follow-up
2a70d370-7ee2-46c9-a1e1-d390d834b672,1,Finalize documentation,1,in_progress,,All good
cfd6c2f9-339d-4b25-b7d7-c43137a4899c,1,Quality check,0,pending,,See photos attached
cfd6c2f9-339d-4b25-b7d7-c43137a4899c,2,Gather materials,0,pending,,See photos attached
cfd6c2f9-339d-4b25-b7d7-c43137a4899c,3,Finalize documentation,0,in_progress,,
25ae8710-6194-4b56-879d-31f7ac947b3c,1,Cleanup,1,done,2025-08-29T04:43:41.935409+00:00,
25ae8710-6194-4b56-879d-31f7ac947b3c,2,Cleanup,0,in_progress,,Requires follow-up
36a9d145-6928-4755-addb-03b75601f754,1,Quality check,1,done,2025-08-17T03:43:41.935409+00:00,
36a9d145-6928-4755-addb-03b75601f754,2,Perform task,1,pending,,Requires follow-up
36a9d145-6928-4755-addb-03b75601f754,3,Perform task,1,in_progress,,
36a9d145-6928-4755-addb-03b75601f754,4,Perform task,1,in_progress,,N/A
c4a224a8-c10b-4d0e-8ac5-210c4fa34ada,1,Gather materials,1,in_progress,,All good
c4a224a8-c10b-4d0e-8ac5-210c4fa34ada,2,Finalize documentation,0,in_progress,,Requires follow-up
c4a224a8-c10b-4d0e-8ac5-210c4fa34ada,3,Cleanup,1,done,2025-08-26T07:43:41.935409+00:00,See photos attached
c4a224a8-c10b-4d0e-8ac5-210c4fa34ada,4,Perform task,0,pending,,Requires follow-up
0acf27f8-f29d-4463-9d65-3849e433ea63,1,Gather materials,0,done,2025-08-22T23:43:41.935409+00:00,Requires follow-up
56ce0724-bb36-444b-bbeb-a3cec697d8a3,1,Gather materials,1,in_progress,,All good
56ce0724-bb36-444b-bbeb-a3cec697d8a3,2,Finalize documentation,1,done,2025-08-16T10:43:41.935409+00:00,Requires follow-up
56ce0724-bb36-444b-bbeb-a3cec697d8a3,3,Initial inspection,0,done,2025-08-04T04:43:41.935409+00:00,All good
56ce0724-bb36-444b-bbeb-a3cec697d8a3,4,Gather materials,0,pending,,Requires follow-up
830354dc-bdd1-4022-a43b-8e3f8d4f9468,1,Perform task,1,done,2025-08-30T10:43:41.935409+00:00,N/A
830354dc-bdd1-4022-a43b-8e3f8d4f9468,2,Cleanup,1,pending,,
830354dc-bdd1-4022-a43b-8e3f8d4f9468,3,Initial inspection,1,in_progress,,See photos attached
830354dc-bdd1-4022-a43b-8e3f8d4f9468,4,Quality check,0,done,2025-08-17T10:43:41.935409+00:00,See photos attached
8b9a6ba0-3192-4384-98bd-0cc55f284410,1,Quality check,1,in_progress,,
8b9a6ba0-3192-4384-98bd-0cc55f284410,2,Cleanup,1,done,2025-08-15T03:43:41.935409+00:00,N/A
8b9a6ba0-3192-4384-98bd-0cc55f284410,3,Initial inspection,1,pending,,See photos attached
29b4dcad-5b69-481b-afb9-01d064a782e4,1,Cleanup,1,done,2025-08-21T17:43:41.935409+00:00,Requires follow-up
29b4dcad-5b69-481b-afb9-01d064a782e4,2,Finalize documentation,0,pending,,Requires follow-up
28a8a04e-02ee-46e7-a7ac-74e5b6aeb1d8,1,Perform task,1,done,2025-08-07T16:43:41.935409+00:00,
28a8a04e-02ee-46e7-a7ac-74e5b6aeb1d8,2,Cleanup,0,in_progress,,Requires follow-up
28a8a04e-02ee-46e7-a7ac-74e5b6aeb1d8,3,Gather materials,1,pending,,
28a8a04e-02ee-46e7-a7ac-74e5b6aeb1d8,4,Finalize documentation,1,in_progress,,See photos attached
60ef0d6c-82c5-4675-8659-19489eb06dad,1,Initial inspection,1,in_progress,,See photos attached
60ef0d6c-82c5-4675-8659-19489eb06dad,2,Perform task,0,pending,,N/A
60ef0d6c-82c5-4675-8659-19489eb06dad,3,Quality check,1,pending,,N/A
60ef0d6c-82c5-4675-8659-19489eb06dad,4,Initial inspection,0,in_progress,,All good
e3acdbce-3765-4a07-b2a3-02069be10908,1,Gather materials,1,pending,,Requires follow-up
e3acdbce-3765-4a07-b2a3-02069be10908,2,Gather materials,1,pending,,N/A
efd25944-cc2c-4291-bc50-fa95a6620bda,1,Initial inspection,1,done,2025-08-19T08:43:41.935409+00:00,Requires follow-up
efd25944-cc2c-4291-bc50-fa95a6620bda,2,Perform task,1,done,2025-08-25T05:43:41.935409+00:00,See photos attached
fa297539-1413-4b6e-9e05-08cfa6a13503,1,Perform task,0,pending,,N/A
fa297539-1413-4b6e-9e05-08cfa6a13503,2,Cleanup,0,done,2025-08-21T13:43:41.935409+00:00,See photos attached
e4c94ebc-45e4-4180-aca3-7205fd9a7ec6,1,Finalize documentation,0,done,2025-08-05T15:43:41.935409+00:00,N/A
e4c94ebc-45e4-4180-aca3-7205fd9a7ec6,2,Cleanup,1,done,2025-08-25T14:43:41.935409+00:00,N/A
60eec8c8-4c5b-4e9c-9738-a6add91d6cae,1,Finalize documentation,1,done,2025-08-13T23:43:41.935409+00:00,N/A
60eec8c8-4c5b-4e9c-9738-a6add91d6cae,2,Gather materials,0,done,2025-08-15T09:43:41.935409+00:00,Requires follow-up
60eec8c8-4c5b-4e9c-9738-a6add91d6cae,3,Quality check,1,pending,,Requires follow-up
02d774f3-d0d4-425f-91d7-362099bd66ba,1,Initial inspection,1,done,2025-08-14T05:43:41.935409+00:00,
02d774f3-d0d4-425f-91d7-362099bd66ba,2,Initial inspection,1,done,2025-08-26T11:43:41.935409+00:00,All good
02d774f3-d0d4-425f-91d7-362099bd66ba,3,Cleanup,1,pending,,See photos attached
02d774f3-d0d4-425f-91d7-362099bd66ba,4,Gather materials,1,done,2025-08-15T17:43:41.935409+00:00,See photos attached
3d44faae-1656-4b54-8a69-237a6bdf882e,1,Initial inspection,0,done,2025-08-05T17:43:41.935409+00:00,N/A
3d44faae-1656-4b54-8a69-237a6bdf882e,2,Gather materials,1,done,2025-08-22T15:43:41.935409+00:00,All good
3d44faae-1656-4b54-8a69-237a6bdf882e,3,Initial inspection,1,done,2025-08-18T10:43:41.935409+00:00,N/A
01a2ebc4-4335-4ae8-92b5-cc6e81674bd6,1,Perform task,1,pending,,See photos attached
01a2ebc4-4335-4ae8-92b5-cc6e81674bd6,2,Perform task,1,in_progress,,Requires follow-up
c861887f-963f-4a97-827b-fb980ddc2fbb,1,Perform task,0,in_progress,,See photos attached
c861887f-963f-4a97-827b-fb980ddc2fbb,2,Initial inspection,1,pending,,N/A
c861887f-963f-4a97-827b-fb980ddc2fbb,3,Gather materials,1,pending,,All good
5bb8d2c6-0fe5-42f9-8050-ce5c3ecdeef7,1,Perform task,0,pending,,N/A
5bb8d2c6-0fe5-42f9-8050-ce5c3ecdeef7,2,Perform task,1,done,2025-08-19T14:43:41.935409+00:00,N/A
ed456372-2b81-4f5a-83f1-216f1104d36b,1,Initial inspection,0,in_progress,,Requires follow-up
ed456372-2b81-4f5a-83f1-216f1104d36b,2,Perform task,0,done,2025-08-09T09:43:41.935409+00:00,See photos attached
ed456372-2b81-4f5a-83f1-216f1104d36b,3,Gather materials,1,in_progress,,All good
ed456372-2b81-4f5a-83f1-216f1104d36b,4,Cleanup,1,in_progress,,
79fb07b3-afe7-4cef-b8f4-0bad884dab99,1,Initial inspection,0,pending,,All good
79fb07b3-afe7-4cef-b8f4-0bad884dab99,2,Perform task,1,done,2025-08-07T23:43:41.935409+00:00,Requires follow-up
79fb07b3-afe7-4cef-b8f4-0bad884dab99,3,Gather materials,1,done,2025-08-07T09:43:41.935409+00:00,Requires follow-up
79fb07b3-afe7-4cef-b8f4-0bad884dab99,4,Finalize documentation,0,in_progress,,Requires follow-up
ceb6163e-0939-425b-ba88-acd913efd830,1,Gather materials,0,done,2025-08-04T07:43:41.935409+00:00,Requires follow-up
ceb6163e-0939-425b-ba88-acd913efd830,2,Perform task,1,done,2025-08-19T09:43:41.935409+00:00,
a57d25b5-9ca6-40e9-9fea-3c50789f79b8,1,Finalize documentation,0,done,2025-08-23T13:43:41.935409+00:00,All good
fa85e987-b660-4746-96d3-f05a0f4dc4c8,1,Perform task,1,done,2025-08-05T16:43:41.935409+00:00,N/A
35648894-a885-41e5-a4f5-f5ee7485b7c5,1,Cleanup,0,done,2025-08-14T12:43:41.935409+00:00,All good
35648894-a885-41e5-a4f5-f5ee7485b7c5,2,Initial inspection,0,in_progress,,N/A
1d0cea5a-6c06-4fb3-9e24-0072eb31a66e,1,Initial inspection,1,in_progress,,
1d0cea5a-6c06-4fb3-9e24-0072eb31a66e,2,Finalize documentation,1,in_progress,,N/A
1d0cea5a-6c06-4fb3-9e24-0072eb31a66e,3,Cleanup,1,pending,,
1d0cea5a-6c06-4fb3-9e24-0072eb31a66e,4,Cleanup,1,pending,,All good
0cdd050d-5beb-4fd3-9f5d-291196561576,1,Gather materials,0,done,2025-08-05T05:43:41.935409+00:00,All good
399d510b-08a1-488c-bc1a-b02e45d2d67b,1,Finalize documentation,1,pending,,See photos attached
399d510b-08a1-488c-bc1a-b02e45d2d67b,2,Cleanup,0,pending,,N/A
9e33857e-beb0-42fa-b910-34109de9e209,1,Finalize documentation,1,done,2025-08-16T09:43:41.935409+00:00,
9e33857e-beb0-42fa-b910-34109de9e209,2,Cleanup,1,in_progress,,All good
81cd3242-4bc8-43c6-80b5-0f037319db2b,1,Cleanup,0,in_progress,,N/A
81cd3242-4bc8-43c6-80b5-0f037319db2b,2,Quality check,0,pending,,N/A
81cd3242-4bc8-43c6-80b5-0f037319db2b,3,Quality check,0,pending,,See photos attached
052c92af-2b39-4220-a561-5c7a4e319e2b,1,Initial inspection,1,done,2025-08-05T07:43:41.935409+00:00,N/A
052c92af-2b39-4220-a561-5c7a4e319e2b,2,Cleanup,1,pending,,N/A
8c25e180-c726-42ad-a740-c6ea804ef027,1,Cleanup,1,done,2025-08-10T01:43:41.935409+00:00,
8c25e180-c726-42ad-a740-c6ea804ef027,2,Quality check,1,done,2025-08-10T10:43:41.935409+00:00,All good
8c25e180-c726-42ad-a740-c6ea804ef027,3,Cleanup,1,done,2025-08-17T13:43:41.935409+00:00,N/A
8c25e180-c726-42ad-a740-c6ea804ef027,4,Perform task,1,done,2025-08-31T15:43:41.935409+00:00,See photos attached
2b16f1de-90a0-423e-a161-08f89bf96acf,1,Gather materials,0,in_progress,,N/A
2b16f1de-90a0-423e-a161-08f89bf96acf,2,Cleanup,1,pending,,
e737142e-9fb8-4996-a02d-71c4d24ca9e6,1,Quality check,0,in_progress,,All good
e737142e-9fb8-4996-a02d-71c4d24ca9e6,2,Perform task,1,pending,,Requires follow-up
e737142e-9fb8-4996-a02d-71c4d24ca9e6,3,Perform task,1,pending,,N/A
e737142e-9fb8-4996-a02d-71c4d24ca9e6,4,Finalize documentation,0,pending,,All good
c832756d-24a9-4988-86fe-e74f989cf3b3,1,Gather materials,1,pending,,See photos attached
c832756d-24a9-4988-86fe-e74f989cf3b3,2,Cleanup,0,in_progress,,
c832756d-24a9-4988-86fe-e74f989cf3b3,3,Cleanup,0,in_progress,,N/A
6ecc812f-c620-4ba8-9fe7-4ee38e02a860,1,Cleanup,1,pending,,
ff860e49-ed31-4220-90b6-f852a579aab2,1,Cleanup,1,in_progress,,
ff860e49-ed31-4220-90b6-f852a579aab2,2,Initial inspection,1,pending,,Requires follow-up
ff860e49-ed31-4220-90b6-f852a579aab2,3,Cleanup,1,pending,,N/A
3eea6c5d-814a-43ae-8e0b-40be24c524ba,1,Quality check,1,in_progress,,
3eea6c5d-814a-43ae-8e0b-40be24c524ba,2,Cleanup,1,done,2025-08-06T14:43:41.935409+00:00,Requires follow-up
3eea6c5d-814a-43ae-8e0b-40be24c524ba,3,Quality check,0,done,2025-08-08T00:43:41.935409+00:00,See photos attached
3eea6c5d-814a-43ae-8e0b-40be24c524ba,4,Finalize documentation,1,in_progress,,N/A
c88dbbab-fd66-421f-ac09-0eece5a6df58,1,Quality check,1,in_progress,,
c88dbbab-fd66-421f-ac09-0eece5a6df58,2,Initial inspection,1,done,2025-08-29T10:43:41.935409+00:00,Requires follow-up
c88dbbab-fd66-421f-ac09-0eece5a6df58,3,Initial inspection,1,in_progress,,Requires follow-up
449711a3-d2b7-4073-97dc-47ce4fbd1f33,1,Finalize documentation,0,pending,,
449711a3-d2b7-4073-97dc-47ce4fbd1f33,2,Gather materials,1,in_progress,,
449711a3-d2b7-4073-97dc-47ce4fbd1f33,3,Cleanup,0,done,2025-08-06T08:43:41.935409+00:00,See photos attached
449711a3-d2b7-4073-97dc-47ce4fbd1f33,4,Gather materials,0,pending,,All good
e4b32bf1-71e4-4264-8ae9-1b686c0c135b,1,Quality check,0,in_progress,,
e4b32bf1-71e4-4264-8ae9-1b686c0c135b,2,Perform task,0,pending,,N/A
e4b32bf1-71e4-4264-8ae9-1b686c0c135b,3,Finalize documentation,0,done,2025-08-20T10:43:41.935409+00:00,
e4b32bf1-71e4-4264-8ae9-1b686c0c135b,4,Quality check,0,in_progress,,See photos attached
cadd20da-9922-47bd-ab4f-1f335e51a31f,1,Gather materials,0,in_progress,,See photos attached
f93c9921-bc77-4497-bdc9-e1678537a46e,1,Perform task,0,in_progress,,All good
f93c9921-bc77-4497-bdc9-e1678537a46e,2,Perform task,1,in_progress,,Requires follow-up
f93c9921-bc77-4497-bdc9-e1678537a46e,3,Cleanup,0,pending,,N/A
705549e0-4938-4f22-92ac-bff81f59c624,1,Finalize documentation,1,in_progress,,Requires follow-up
0c27e34a-c421-4e08-b423-df26b6de7a80,1,Finalize documentation,1,done,2025-08-12T23:43:41.935409+00:00,
0c27e34a-c421-4e08-b423-df26b6de7a80,2,Quality check,0,done,2025-08-27T08:43:41.935409+00:00,See photos attached
3d9096a8-eb37-48bb-84e0-6ed33d98b424,1,Cleanup,1,pending,,N/A
3d9096a8-eb37-48bb-84e0-6ed33d98b424,2,Initial inspection,0,done,2025-08-04T03:43:41.935409+00:00,All good
9a874a90-6d51-49fc-8379-0b7a53ffa8f8,1,Cleanup,1,pending,,See photos attached
9a874a90-6d51-49fc-8379-0b7a53ffa8f8,2,Finalize documentation,1,in_progress,,Requires follow-up
dc7e9e70-6c12-45f5-9ab7-97d88c576113,1,Initial inspection,0,done,2025-08-25T02:43:41.935409+00:00,All good
dc7e9e70-6c12-45f5-9ab7-97d88c576113,2,Quality check,1,done,2025-08-07T08:43:41.935409+00:00,Requires follow-up
dc7e9e70-6c12-45f5-9ab7-97d88c576113,3,Finalize documentation,1,done,2025-08-14T09:43:41.935409+00:00,N/A
dc7e9e70-6c12-45f5-9ab7-97d88c576113,4,Cleanup,0,in_progress,,
e7f49de6-e6a5-41e6-bc2d-8c09465cc6b1,1,Initial inspection,0,pending,,See photos attached
e7f49de6-e6a5-41e6-bc2d-8c09465cc6b1,2,Finalize documentation,0,pending,,See photos attached
e7f49de6-e6a5-41e6-bc2d-8c09465cc6b1,3,Perform task,0,pending,,N/A
a6c327e7-659c-4ed2-aadf-ee92220d095e,1,Cleanup,0,pending,,See photos attached
6312f44e-85b9-4779-88b7-dcb5ed049e33,1,Quality check,0,in_progress,,See photos attached
ae9c2cb2-b001-4ed4-ad6b-14abb0f32082,1,Perform task,0,pending,,All good
ae9c2cb2-b001-4ed4-ad6b-14abb0f32082,2,Perform task,1,done,2025-08-03T16:43:41.935409+00:00,All good
ae9c2cb2-b001-4ed4-ad6b-14abb0f32082,3,Perform task,1,in_progress,,See photos attached
701655bc-c2f8-473c-a24f-1bbb1e2e0869,1,Quality check,1,done,2025-08-13T09:43:41.935409+00:00,See photos attached
701655bc-c2f8-473c-a24f-1bbb1e2e0869,2,Quality check,1,in_progress,,See photos attached
8f769ca6-fa19-4b75-9389-fc8322990116,1,Quality check,0,done,2025-08-25T08:43:41.935409+00:00,Requires follow-up
8f769ca6-fa19-4b75-9389-fc8322990116,2,Gather materials,1,in_progress,,N/A
0e100891-1942-4ce3-9d85-229869acf273,1,Cleanup,1,in_progress,,N/A
0e100891-1942-4ce3-9d85-229869acf273,2,Perform task,1,done,2025-08-20T10:43:41.935409+00:00,See photos attached
0e100891-1942-4ce3-9d85-229869acf273,3,Quality check,1,pending,,N/A
d31c5c08-4608-4812-9653-d2b3a7da2b62,1,Cleanup,1,pending,,All good
d31c5c08-4608-4812-9653-d2b3a7da2b62,2,Cleanup,0,pending,,Requires follow-up
a627f8f4-ceee-4ddf-8bc2-53ed24b567ed,1,Perform task,1,pending,,See photos attached
a627f8f4-ceee-4ddf-8bc2-53ed24b567ed,2,Quality check,0,pending,,See photos attached
a627f8f4-ceee-4ddf-8bc2-53ed24b567ed,3,Gather materials,0,in_progress,,N/A
a627f8f4-ceee-4ddf-8bc2-53ed24b567ed,4,Cleanup,0,done,2025-08-07T05:43:41.935409+00:00,All good
122fc607-23b8-450a-ac39-d60b3cba8f6e,1,Quality check,1,done,2025-08-30T01:43:41.935409+00:00,See photos attached
122fc607-23b8-450a-ac39-d60b3cba8f6e,2,Cleanup,0,done,2025-08-25T11:43:41.935409+00:00,N/A
122fc607-23b8-450a-ac39-d60b3cba8f6e,3,Quality check,0,pending,,
122fc607-23b8-450a-ac39-d60b3cba8f6e,4,Perform task,0,in_progress,,All good
ee8f6b3f-7b7f-4be9-a011-5d2eb07d415c,1,Initial inspection,1,pending,,N/A
ee8f6b3f-7b7f-4be9-a011-5d2eb07d415c,2,Initial inspection,1,in_progress,,N/A
ee8f6b3f-7b7f-4be9-a011-5d2eb07d415c,3,Gather materials,0,done,2025-08-21T14:43:41.935409+00:00,Requires follow-up
434d37ef-0fc1-4d2f-881f-4bf89679b280,1,Initial inspection,1,done,2025-08-10T03:43:41.935409+00:00,See photos attached
434d37ef-0fc1-4d2f-881f-4bf89679b280,2,Perform task,0,done,2025-08-17T17:43:41.935409+00:00,N/A
434d37ef-0fc1-4d2f-881f-4bf89679b280,3,Perform task,0,in_progress,,Requires follow-up
434d37ef-0fc1-4d2f-881f-4bf89679b280,4,Initial inspection,0,in_progress,,See photos attached
1b455c9d-aa09-4c32-a61f-4d9b9016c552,1,Perform task,1,pending,,
1b455c9d-aa09-4c32-a61f-4d9b9016c552,2,Initial inspection,1,pending,,
1b455c9d-aa09-4c32-a61f-4d9b9016c552,3,Quality check,0,pending,,All good
a81a64ff-8f1f-4b1e-8518-0f97f5bd80c8,1,Gather materials,0,done,2025-08-10T10:43:41.935409+00:00,All good
a81a64ff-8f1f-4b1e-8518-0f97f5bd80c8,2,Quality check,1,done,2025-08-30T07:43:41.935409+00:00,All good
a81a64ff-8f1f-4b1e-8518-0f97f5bd80c8,3,Initial inspection,0,in_progress,,
a81a64ff-8f1f-4b1e-8518-0f97f5bd80c8,4,Perform task,1,pending,,N/A
53af7b6d-f3f2-4f47-adac-5f8e5f991e3c,1,Cleanup,0,done,2025-08-23T13:43:41.935409+00:00,Requires follow-up
32d82908-6a0f-456d-8ace-1818ed687e3f,1,Gather materials,1,done,2025-08-06T14:43:41.935409+00:00,Requires follow-up
32d82908-6a0f-456d-8ace-1818ed687e3f,2,Cleanup,0,in_progress,,See photos attached
f4a3cdad-fd86-4c66-a1c5-2c400445d0b1,1,Perform task,1,pending,,
f4a3cdad-fd86-4c66-a1c5-2c400445d0b1,2,Quality check,1,in_progress,,
f4a3cdad-fd86-4c66-a1c5-2c400445d0b1,3,Perform task,0,pending,,Requires follow-up
1dfeed6c-8ae2-4224-aadd-95f50845d9ad,1,Initial inspection,1,pending,,Requires follow-up
1dfeed6c-8ae2-4224-aadd-95f50845d9ad,2,Gather materials,1,in_progress,,
1dfeed6c-8ae2-4224-aadd-95f50845d9ad,3,Cleanup,0,done,2025-08-10T06:43:41.935409+00:00,All good
1dfeed6c-8ae2-4224-aadd-95f50845d9ad,4,Gather materials,0,pending,,All good
e685ab89-151c-458b-be8e-19b5c75e69c2,1,Perform task,1,in_progress,,See photos attached
e685ab89-151c-458b-be8e-19b5c75e69c2,2,Perform task,1,in_progress,,N/A
e685ab89-151c-458b-be8e-19b5c75e69c2,3,Perform task,1,in_progress,,N/A
b31b0eba-0f9b-40a4-9289-b87a329d9559,1,Gather materials,1,in_progress,,
b31b0eba-0f9b-40a4-9289-b87a329d9559,2,Perform task,1,done,2025-08-16T02:43:41.935409+00:00,
b31b0eba-0f9b-40a4-9289-b87a329d9559,3,Cleanup,1,pending,,All good
846209f1-f2aa-43f7-85e7-29246b953a69,1,Finalize documentation,1,in_progress,,
b2c87d03-e7ec-4873-b604-bf21f695a280,1,Gather materials,1,done,2025-08-21T03:43:41.935409+00:00,N/A
6ab57057-aa2a-4b05-b374-334c4ea4e92d,1,Perform task,1,done,2025-08-03T06:43:41.935409+00:00,N/A
2c9fcf03-a301-428d-9587-d5873d593c96,1,Perform task,0,in_progress,,
2c9fcf03-a301-428d-9587-d5873d593c96,2,Initial inspection,0,pending,,Requires follow-up
c6459a8f-3e9b-4c55-aa9a-e1dd2a071c9f,1,Quality check,1,in_progress,,Requires follow-up
c6459a8f-3e9b-4c55-aa9a-e1dd2a071c9f,2,Quality check,1,in_progress,,See photos attached
c6459a8f-3e9b-4c55-aa9a-e1dd2a071c9f,3,Finalize documentation,1,pending,,All good
c6459a8f-3e9b-4c55-aa9a-e1dd2a071c9f,4,Perform task,0,done,2025-08-05T11:43:41.935409+00:00,Requires follow-up
4c5baf52-584a-4fcf-bde0-a6404db54025,1,Quality check,1,in_progress,,N/A
6c304dc2-3198-4b3d-8f1c-2dd26a45a71d,1,Quality check,0,done,2025-08-26T23:43:41.935409+00:00,All good
6c304dc2-3198-4b3d-8f1c-2dd26a45a71d,2,Cleanup,0,done,2025-08-17T06:43:41.935409+00:00,Requires follow-up
6c304dc2-3198-4b3d-8f1c-2dd26a45a71d,3,Finalize documentation,1,pending,,See photos attached
6f58e6a7-1ace-454d-afe1-c4f8c6548886,1,Initial inspection,0,in_progress,,Requires follow-up
6f58e6a7-1ace-454d-afe1-c4f8c6548886,2,Finalize documentation,0,done,2025-08-02T13:43:41.935409+00:00,See photos attached
90b261b8-7d5b-495b-a6ba-f4b4275ae82e,1,Cleanup,1,done,2025-08-08T04:43:41.935409+00:00,See photos attached
90b261b8-7d5b-495b-a6ba-f4b4275ae82e,2,Perform task,0,pending,,See photos attached
90b261b8-7d5b-495b-a6ba-f4b4275ae82e,3,Quality check,0,done,2025-08-27T12:43:41.935409+00:00,N/A
86f850c0-1d43-468f-8786-892761b20d0e,1,Finalize documentation,1,done,2025-08-09T07:43:41.935409+00:00,Requires follow-up
86f850c0-1d43-468f-8786-892761b20d0e,2,Perform task,0,done,2025-08-11T06:43:41.935409+00:00,See photos attached
38240daa-d723-4876-bcf4-cf6a133bd288,1,Initial inspection,1,done,2025-08-30T07:43:41.935409+00:00,All good
38240daa-d723-4876-bcf4-cf6a133bd288,2,Gather materials,0,in_progress,,N/A
a022b6f2-a390-47c7-a5c1-5cafd412bf51,1,Quality check,1,done,2025-08-18T00:43:41.935409+00:00,
a022b6f2-a390-47c7-a5c1-5cafd412bf51,2,Cleanup,0,in_progress,,
f5250c1b-475c-4797-b8b4-68f37507dbea,1,Quality check,1,pending,,N/A
f5250c1b-475c-4797-b8b4-68f37507dbea,2,Quality check,1,pending,,
dc86d76c-fb58-415f-a532-8b26ce9802ea,1,Initial inspection,0,in_progress,,
c7645379-17a8-4047-8bf6-c9bd9bd81b7f,1,Perform task,1,in_progress,,Requires follow-up
c7645379-17a8-4047-8bf6-c9bd9bd81b7f,2,Initial inspection,1,in_progress,,See photos attached
c7645379-17a8-4047-8bf6-c9bd9bd81b7f,3,Gather materials,0,done,2025-08-06T07:43:41.935409+00:00,Requires follow-up
ebc0c7d3-001f-44e6-82fd-ff27d3ef3167,1,Initial inspection,1,in_progress,,Requires follow-up
ebc0c7d3-001f-44e6-82fd-ff27d3ef3167,2,Quality check,0,in_progress,,N/A
9182180f-6eaa-4b27-a428-6be6ab3cdd19,1,Gather materials,0,in_progress,,
9182180f-6eaa-4b27-a428-6be6ab3cdd19,2,Cleanup,1,pending,,See photos attached
556a1f3b-3cad-4c41-a081-c6bb55a96a93,1,Quality check,1,pending,,N/A
556a1f3b-3cad-4c41-a081-c6bb55a96a93,2,Perform task,0,pending,,
556a1f3b-3cad-4c41-a081-c6bb55a96a93,3,Cleanup,1,done,2025-08-27T03:43:41.935409+00:00,N/A
556a1f3b-3cad-4c41-a081-c6bb55a96a93,4,Cleanup,0,done,2025-09-01T13:43:41.935409+00:00,Requires follow-up
b5841756-730b-4d65-8524-d27dd470e76a,1,Perform task,0,done,2025-08-12T12:43:41.935409+00:00,All good
d7310ca0-bf61-43ac-886c-8183383828e0,1,Quality check,1,done,2025-08-02T15:43:41.935409+00:00,N/A
c3fe495d-6fd8-485e-ae47-7bdadf295e30,1,Perform task,1,pending,,N/A
fde4eb3e-383c-4eec-9ef0-33dc8537492a,1,Quality check,1,done,2025-08-25T04:43:41.935409+00:00,See photos attached
194109bd-179e-47d4-bf87-e49768bd6037,1,Perform task,1,done,2025-08-06T16:43:41.935409+00:00,N/A
194109bd-179e-47d4-bf87-e49768bd6037,2,Cleanup,0,pending,,Requires follow-up
b9be5c88-b82b-4b24-88aa-2eae67812203,1,Gather materials,1,in_progress,,See photos attached
b9be5c88-b82b-4b24-88aa-2eae67812203,2,Perform task,0,in_progress,,See photos attached
b9be5c88-b82b-4b24-88aa-2eae67812203,3,Finalize documentation,1,done,2025-08-07T07:43:41.935409+00:00,
b9be5c88-b82b-4b24-88aa-2eae67812203,4,Cleanup,0,done,2025-08-03T06:43:41.935409+00:00,All good
253500de-bfa9-41ad-ac3f-51e92d41f51f,1,Finalize documentation,1,in_progress,,Requires follow-up
7c676780-9049-4cdf-b7ab-858f690b8aa0,1,Cleanup,1,pending,,
7c676780-9049-4cdf-b7ab-858f690b8aa0,2,Gather materials,1,pending,,See photos attached
7c676780-9049-4cdf-b7ab-858f690b8aa0,3,Quality check,0,in_progress,,Requires follow-up
7c676780-9049-4cdf-b7ab-858f690b8aa0,4,Gather materials,1,in_progress,,See photos attached
510de86a-ccf4-48b9-8fee-c1140f5b5075,1,Cleanup,0,done,2025-08-06T10:43:41.935409+00:00,See photos attached
510de86a-ccf4-48b9-8fee-c1140f5b5075,2,Initial inspection,1,pending,,See photos attached
510de86a-ccf4-48b9-8fee-c1140f5b5075,3,Gather materials,0,in_progress,,
d44becbc-d534-4c1e-8a77-50051bcb1281,1,Gather materials,0,done,2025-08-15T17:43:41.935409+00:00,
d44becbc-d534-4c1e-8a77-50051bcb1281,2,Gather materials,1,pending,,See photos attached
d44becbc-d534-4c1e-8a77-50051bcb1281,3,Perform task,1,done,2025-08-08T09:43:41.935409+00:00,All good
42c4a28d-7d48-419c-a257-8063d5e1101e,1,Finalize documentation,1,in_progress,,Requires follow-up
734b7b4c-3d37-4783-97c0-95cbe697956f,1,Perform task,1,in_progress,,N/A
734b7b4c-3d37-4783-97c0-95cbe697956f,2,Cleanup,0,done,2025-08-10T15:43:41.935409+00:00,
734b7b4c-3d37-4783-97c0-95cbe697956f,3,Perform task,1,done,2025-08-02T23:43:41.935409+00:00,Requires follow-up
722ab0a1-01ff-4ebb-8925-63487cb2a403,1,Cleanup,1,done,2025-08-25T05:43:41.935409+00:00,N/A
722ab0a1-01ff-4ebb-8925-63487cb2a403,2,Quality check,0,pending,,
120332c1-9a0b-4f03-83ed-6505aba75c4b,1,Initial inspection,0,in_progress,,All good
120332c1-9a0b-4f03-83ed-6505aba75c4b,2,Cleanup,1,in_progress,,N/A
120332c1-9a0b-4f03-83ed-6505aba75c4b,3,Cleanup,0,done,2025-08-22T13:43:41.935409+00:00,Requires follow-up
120332c1-9a0b-4f03-83ed-6505aba75c4b,4,Finalize documentation,0,in_progress,,N/A
aa6883cf-9aaf-4285-8898-eb62f079eac3,1,Quality check,0,in_progress,,See photos attached
aa6883cf-9aaf-4285-8898-eb62f079eac3,2,Cleanup,0,pending,,
aa6883cf-9aaf-4285-8898-eb62f079eac3,3,Gather materials,0,pending,,Requires follow-up
dacfaeb8-7b44-4fae-9cd6-93248a0cc228,1,Initial inspection,0,done,2025-08-16T16:43:41.935409+00:00,N/A
dacfaeb8-7b44-4fae-9cd6-93248a0cc228,2,Initial inspection,1,pending,,Requires follow-up
dacfaeb8-7b44-4fae-9cd6-93248a0cc228,3,Quality check,1,done,2025-08-29T06:43:41.935409+00:00,N/A
dacfaeb8-7b44-4fae-9cd6-93248a0cc228,4,Finalize documentation,1,pending,,N/A
ddb18bd0-7c5c-45dc-a043-41ec34d18f74,1,Perform task,0,done,2025-08-14T01:43:41.935409+00:00,See photos attached
ddb18bd0-7c5c-45dc-a043-41ec34d18f74,2,Finalize documentation,1,done,2025-08-17T00:43:41.935409+00:00,N/A
ddb18bd0-7c5c-45dc-a043-41ec34d18f74,3,Finalize documentation,0,in_progress,,N/A
69242e39-408c-402f-a86a-4074e080d73f,1,Finalize documentation,1,in_progress,,All good
69242e39-408c-402f-a86a-4074e080d73f,2,Initial inspection,0,done,2025-08-11T02:43:41.935409+00:00,All good
69242e39-408c-402f-a86a-4074e080d73f,3,Cleanup,1,done,2025-08-12T02:43:41.935409+00:00,
69242e39-408c-402f-a86a-4074e080d73f,4,Quality check,0,done,2025-08-14T17:43:41.935409+00:00,Requires follow-up
45fe957e-dfb6-4348-b3de-5acdc6d11187,1,Cleanup,1,done,2025-08-10T23:43:41.935409+00:00,
45fe957e-dfb6-4348-b3de-5acdc6d11187,2,Perform task,1,in_progress,,
01f311b5-d586-48f6-b31e-ba314f235497,1,Cleanup,0,done,2025-08-12T14:43:41.935409+00:00,See photos attached
